loss,root_loss,vowel_loss,consonant_loss,root_recall,vowel_recall,consonant_recall,val_loss,val_root_loss,val_vowel_loss,val_consonant_loss,val_root_recall,val_vowel_recall,val_consonant_recall,lr,weighted_recall,val_weighted_recall
0.06407573582001913,0.019921453669667244,0.01254283543676138,0.011690051294863224,0.9873182773590088,0.9947418570518494,0.9904606938362122,0.8658262483390871,0.2971794903278351,0.10917618870735168,0.16229106485843658,0.9522007703781128,0.9862328171730042,0.9826478958129883,6.79203076288104e-05,0.9899598,0.96832055
0.059715242929036544,0.01863938942551613,0.011566532775759697,0.010869955644011497,0.9884072542190552,0.9953330159187317,0.9910518527030945,0.8929721594426283,0.30332162976264954,0.11873115599155426,0.16759763658046722,0.9527484774589539,0.9861581325531006,0.9818263053894043,4.779926166520454e-05,0.99079984,0.9683704
0.05601631122324983,0.017236601561307907,0.010896837338805199,0.010646317154169083,0.9888739585876465,0.9954637289047241,0.9913443326950073,0.904952884874819,0.30663084983825684,0.11240179091691971,0.17928922176361084,0.9532214403152466,0.9858843088150024,0.9824985265731812,3.1123534427024424e-05,0.99113905,0.96870637
0.05239617777005438,0.01600724272429943,0.010798841714859009,0.00958279799669981,0.989794909954071,0.9956504106521606,0.9921283721923828,0.8979665481496641,0.3019897937774658,0.11317615211009979,0.1808110475540161,0.9529973864555359,0.9859340786933899,0.9829217195510864,1.8020049537881278e-05,0.99184215,0.9687126
0.050870904769368834,0.015273554250597954,0.010534648783504963,0.0097891204059124,0.9900500178337097,0.9956192970275879,0.9920350313186646,0.9044928249566939,0.30548036098480225,0.11137812584638596,0.18215391039848328,0.9537442922592163,0.9861830472946167,0.9831209182739258,8.588527634856291e-06,0.9919386,0.9691981
0.04825502217048872,0.014286463148891926,0.010192615911364555,0.009489502757787704,0.9904794096946716,0.9958744049072266,0.9920661449432373,0.9221278336999545,0.30714061856269836,0.11216932535171509,0.1956772357225418,0.9537940621376038,0.9863324165344238,0.9828221201896667,2.900748313550139e-06,0.9922248,0.96918565
