loss,root_loss,vowel_loss,consonant_loss,root_recall,vowel_recall,consonant_recall,val_loss,val_root_loss,val_vowel_loss,val_consonant_loss,val_root_recall,val_vowel_recall,val_consonant_recall,lr,weighted_recall,val_weighted_recall
0.07032536997547267,0.02181861363351345,0.013429975137114525,0.013258237391710281,0.9863600134849548,0.9946796298027039,0.989434003829956,0.9554874667110256,0.29436230659484863,0.11800659447908401,0.2487560659646988,0.9529476165771484,0.9849133491516113,0.9822993278503418,6.79203076288104e-05,0.9892084,0.968277
0.06311861212636641,0.019582992419600487,0.011659976094961166,0.012292598374187946,0.9876356720924377,0.9950343370437622,0.9900935888290405,0.9714010461485851,0.2957884967327118,0.1218869611620903,0.2579370141029358,0.9522505402565002,0.9851125478744507,0.9830960035324097,4.779926166520454e-05,0.9900998,0.96817744
0.0581334630381481,0.017416898161172867,0.01159603800624609,0.011703548021614552,0.9886748194694519,0.9951774477958679,0.9905229210853577,0.9863339767697346,0.30224037170410156,0.12341580539941788,0.2584379017353058,0.9533708691596985,0.9853863716125488,0.9826229810714722,3.1123534427024424e-05,0.99076253,0.9686878
0.056794649890202276,0.01696891523897648,0.011340870521962643,0.011515997350215912,0.9889859557151794,0.9951587915420532,0.9909958839416504,0.9739284227007317,0.3051737844944,0.11984934657812119,0.24373164772987366,0.9538189768791199,0.9852619171142578,0.9828470349311829,1.8020049537881278e-05,0.99103165,0.96893674
0.05270417934039842,0.015662429854273796,0.01090088952332735,0.010478458367288113,0.9897637963294983,0.9953703880310059,0.9913007616996765,0.9887496692444868,0.30524715781211853,0.12244515120983124,0.2558099925518036,0.9535949230194092,0.9853863716125488,0.9829466342926025,8.588527634856291e-06,0.9915497,0.9688807
0.05178729159540891,0.015429822728037834,0.010251853615045547,0.010675798170268536,0.9895833134651184,0.9956504106521606,0.9913318753242493,0.9875680831428094,0.3062986135482788,0.12202682346105576,0.2529435455799103,0.9539932012557983,0.9853863716125488,0.982871949672699,2.900748313550139e-06,0.9915372,0.9690612
