loss,root_loss,vowel_loss,consonant_loss,root_recall,vowel_recall,consonant_recall,val_loss,val_root_loss,val_vowel_loss,val_consonant_loss,val_root_recall,val_vowel_recall,val_consonant_recall,lr,weighted_recall,val_weighted_recall
0.08342694152936218,0.025621576234698296,0.01522949617356062,0.016954200342297554,0.9849475026130676,0.9939702749252319,0.9872062802314758,0.7909486302468262,0.2706473469734192,0.10215575993061066,0.14749856293201447,0.9532214403152466,0.9869049787521362,0.9821251034736633,6.79203076288104e-05,0.98776793,0.96886826
0.07334215054956121,0.022373918443918228,0.013976335525512695,0.014618000015616417,0.985943078994751,0.9943311810493469,0.9883761405944824,0.8032557066963488,0.2781407833099365,0.1009620949625969,0.1460118442773819,0.9550637602806091,0.9875273704528809,0.9823242425918579,4.779926166520454e-05,0.98864836,0.9699948
0.06934821902260953,0.02080194652080536,0.013451842591166496,0.014292541891336441,0.9873493909835815,0.9942253828048706,0.9886748194694519,0.8192177480725763,0.28082019090652466,0.10385705530643463,0.15372003614902496,0.9541177153587341,0.9873780012130737,0.9830710887908936,3.1123534427024424e-05,0.9893998,0.96967113
0.06677908155066081,0.020192909985780716,0.012266848236322403,0.014126474037766457,0.9875609874725342,0.9948228001594543,0.989297091960907,0.8140392937038649,0.2851485013961792,0.10267529636621475,0.14106696844100952,0.9546654224395752,0.9869548082351685,0.9831706881523132,1.8020049537881278e-05,0.98981047,0.96986413
0.06400896458681087,0.018979880958795547,0.012649072334170341,0.013400135561823845,0.9879218935966492,0.9948912262916565,0.9892224073410034,0.8122685865558307,0.28218874335289,0.10381188243627548,0.1440790891647339,0.9548396468162537,0.9873780012130737,0.9831209182739258,8.588527634856291e-06,0.98998934,0.9700446
0.06105042488858225,0.018416762351989746,0.011867326684296131,0.01234963908791542,0.9882952570915222,0.9947481155395508,0.9894090890884399,0.8212235516405187,0.28629469871520996,0.1019696518778801,0.1466638147830963,0.9545658230781555,0.987153947353363,0.9834943413734436,2.900748313550139e-06,0.9901869,0.969945
