epoch,lr,loss,root_loss,vowel_loss,consonant_loss,kaggle,root,vowel,cons,time
374.248826,0.000010,1.631265,0.556216,0.315485,0.203348,0.988246,0.982278,0.995618,0.992810,0:06:06
374.498323,0.000010,1.486586,0.507631,0.285954,0.185371,0.988082,0.982516,0.994669,0.992625,0:12:14
