epoch,lr,loss,root_loss,vowel_loss,consonant_loss,kaggle,root,vowel,cons,time
377.248826,0.000100,1.665794,0.557173,0.334175,0.217274,0.989180,0.984887,0.994049,0.992899,0:06:01
377.498323,0.000100,1.846246,0.617486,0.371660,0.239614,0.988705,0.983851,0.994479,0.992638,0:12:03
377.747820,0.000100,1.847188,0.620114,0.368525,0.238436,0.988638,0.983363,0.994657,0.993171,0:18:05
377.997317,0.000100,1.735185,0.582103,0.346460,0.224519,0.989779,0.985599,0.994725,0.993192,0:24:08
