epoch,lr,loss,root_loss,vowel_loss,consonant_loss,kaggle,root,vowel,cons,time
372.248826,0.000100,2.251518,0.749658,0.455456,0.296747,0.988584,0.984340,0.992823,0.992832,0:06:03
372.498323,0.000100,2.201140,0.733220,0.444035,0.290665,0.987929,0.982953,0.993708,0.992103,0:12:07
372.747820,0.000100,2.225643,0.743021,0.443849,0.295752,0.987731,0.982803,0.992912,0.992404,0:18:10
