epoch,lr,loss,root_loss,vowel_loss,consonant_loss,kaggle,root,vowel,cons,time
369.248826,0.000100,3.205908,1.096990,0.615619,0.396307,0.987210,0.981519,0.993782,0.992021,0:06:37
369.498323,0.000100,3.147206,1.078001,0.602581,0.388623,0.987414,0.982180,0.993370,0.991925,0:12:41
