epoch,lr,loss,root_loss,vowel_loss,consonant_loss,kaggle,root,vowel,cons,time
385.165661,0.000100,1.359882,0.452564,0.275897,0.178856,0.988511,0.984003,0.993656,0.992382,0:04:11
385.331992,0.000100,1.413171,0.469624,0.285262,0.188661,0.988568,0.983748,0.994142,0.992633,0:08:23
