epoch,lr,loss,root_loss,vowel_loss,consonant_loss,kaggle,root,vowel,cons,time
13.249514,0.000100,2.412947,0.864484,0.381671,0.302308,0.904597,0.885207,0.909861,0.938114,0:10:42
13.499417,0.000100,2.524641,0.887221,0.409306,0.340894,0.904904,0.887918,0.911610,0.932171,0:20:45
13.749320,0.000100,2.477940,0.872825,0.403727,0.328563,0.884350,0.868833,0.891401,0.908332,0:30:48
