epoch,lr,loss,root_loss,vowel_loss,consonant_loss,kaggle,root,vowel,cons,time
50.249514,0.000025,0.946359,0.343810,0.143238,0.115500,0.986475,0.980125,0.993442,0.992207,0:10:39
50.499417,0.000025,0.922162,0.336156,0.139946,0.109905,0.986018,0.979329,0.993204,0.992210,0:20:41
50.749320,0.000025,0.877614,0.319360,0.130215,0.108678,0.986351,0.980113,0.993227,0.991952,0:30:42
50.999223,0.000025,0.956902,0.346850,0.140983,0.122218,0.986136,0.979890,0.992546,0.992218,0:40:42
51.249514,0.000025,0.882032,0.326781,0.128879,0.099592,0.986301,0.980091,0.992677,0.992345,0:50:48
51.499417,0.000025,0.934216,0.340015,0.137655,0.116532,0.985759,0.979135,0.992654,0.992114,1:00:51
51.749320,0.000025,0.859586,0.307964,0.131855,0.111804,0.986713,0.980650,0.993496,0.992057,1:10:53
