epoch,lr,loss,root_loss,vowel_loss,consonant_loss,kaggle,root,vowel,cons,time
453.098726,0.000100,2.213072,0.873241,0.283770,0.182821,0.984705,0.982065,0.990038,0.984652,0:19:08
453.198248,0.000100,3.148825,1.085296,0.578273,0.399960,0.986910,0.984704,0.990663,0.987568,0:37:34
453.297771,0.000100,2.890414,1.171087,0.394187,0.154052,0.986405,0.984188,0.990466,0.986779,0:55:24
453.397293,0.000100,2.737940,1.078951,0.299498,0.280540,0.986229,0.984158,0.990941,0.985661,1:12:49
