epoch,lr,loss,root_loss,vowel_loss,consonant_loss,kaggle,root,vowel,cons,time
45.499204,0.000001,0.938531,0.427209,0.059232,0.024881,0.983933,0.978945,0.990359,0.987482,0:12:34
45.999204,0.000001,0.904983,0.413354,0.056225,0.022051,0.984137,0.979282,0.990511,0.987471,0:25:03
