epoch,lr,loss,root_loss,vowel_loss,consonant_loss,kaggle,root,vowel,cons,time
51.499204,0.000001,0.232848,0.114523,0.002872,0.000929,0.987867,0.985331,0.991897,0.988911,0:11:44
51.999204,0.000001,0.242459,0.119675,0.002319,0.000790,0.986527,0.983801,0.991774,0.986731,0:23:14
52.499204,0.000001,0.248726,0.122495,0.003052,0.000685,0.988015,0.985494,0.991894,0.989177,0:34:46
52.999204,0.000001,0.252249,0.124562,0.002352,0.000773,0.987657,0.984996,0.991743,0.988893,0:46:18
53.499204,0.000001,0.241789,0.119265,0.002515,0.000744,0.985951,0.982881,0.991354,0.986685,0:57:50
53.999204,0.000001,0.219533,0.108129,0.002439,0.000836,0.987847,0.985142,0.991922,0.989183,1:09:20
54.499204,0.000001,0.277621,0.137045,0.002664,0.000868,0.987496,0.984803,0.991870,0.988508,1:20:55
