epoch,lr,loss,root_loss,vowel_loss,consonant_loss,kaggle,root,vowel,cons,time
1.499204,0.000100,1.564130,0.496769,0.350771,0.219822,0.987286,0.985468,0.990830,0.987377,0:12:15
1.999204,0.000100,1.646719,0.525902,0.365411,0.229503,0.986630,0.984997,0.990858,0.985668,0:24:07
2.499204,0.000100,1.464212,0.461494,0.332071,0.209153,0.985786,0.984158,0.989790,0.985035,0:36:01
2.999204,0.000100,1.602292,0.510830,0.357086,0.223545,0.986959,0.985923,0.990532,0.985458,0:47:51
