epoch,lr,loss,root_loss,vowel_loss,consonant_loss,kaggle,root,vowel,cons,time
49.499204,0.000001,0.607069,0.281759,0.035581,0.007971,0.987983,0.985393,0.991963,0.989183,0:11:29
49.999204,0.000001,0.578320,0.268941,0.032457,0.007980,0.986355,0.983477,0.991662,0.986805,0:22:58
