epoch,lr,loss,root_loss,vowel_loss,consonant_loss,kaggle,root,vowel,cons,time
47.499204,0.000001,0.920469,0.422072,0.054655,0.021669,0.984301,0.979533,0.990556,0.987580,0:12:33
47.999204,0.000001,0.875729,0.400938,0.053565,0.020287,0.983981,0.978997,0.990302,0.987628,0:25:04
