epoch,lr,loss,root_loss,vowel_loss,consonant_loss,kaggle,root,vowel,cons,time
125.999204,0.000100,0.674370,0.214644,0.149695,0.095387,0.965673,0.952620,0.982794,0.974658,0:21:44
126.999204,0.000100,0.670906,0.213214,0.149999,0.094478,0.966014,0.952713,0.982552,0.976076,0:43:03
