loss,root_loss,vowel_loss,consonant_loss,root_recall,vowel_recall,consonant_recall,val_loss,val_root_loss,val_vowel_loss,val_consonant_loss,val_root_recall,val_vowel_recall,val_consonant_recall,lr,weighted_recall,val_weighted_recall
3.650889277363241,4.467127323150635,2.230753183364868,1.5041035413742065,0.028622955083847046,0.1809316724538803,0.3140932321548462,1.373354478721406,1.7222750186920166,0.7047020196914673,0.48645344376564026,0.36449411511421204,0.680267870426178,0.7926458716392517,0.0010000000474974513,0.1380677,0.5504755
2.234829793005814,2.741506814956665,1.5281963348388672,0.8147650361061096,0.1413598656654358,0.2914242446422577,0.4946976602077484,0.7012582971316994,0.8517699837684631,0.45297572016716003,0.2986064553260803,0.6546255946159363,0.805815577507019,0.8906841278076172,0.000999315408989787,0.26721042,0.7514378
