epoch,lr,loss,root_loss,vowel_loss,consonant_loss,kaggle,root,vowel,cons,time
0.499801,0.001000,9.047052,3.434510,1.344656,0.833376,0.733728,0.657811,0.846935,0.772355,0:11:25
0.999801,0.001000,6.290781,2.301023,1.047509,0.641227,0.864121,0.827247,0.935014,0.866976,0:21:02
1.499801,0.001000,5.591761,2.030133,0.952007,0.579488,0.901545,0.867642,0.947416,0.923481,0:30:40
1.999801,0.001000,5.303001,1.916530,0.911238,0.558702,0.914542,0.882895,0.962875,0.929502,0:40:17
