epoch,lr,loss,root_loss,vowel_loss,consonant_loss,kaggle,root,vowel,cons,time
128.499801,0.000084,2.910906,1.001483,0.552984,0.354956,0.973400,0.961319,0.988067,0.982893,0:09:58
128.999801,0.000084,2.959064,1.021499,0.558302,0.357763,0.973814,0.961429,0.988345,0.984051,0:19:31
129.499801,0.000083,2.965605,1.024470,0.558657,0.358008,0.973783,0.962090,0.987952,0.982998,0:29:05
129.999801,0.000083,3.003872,1.037699,0.565960,0.362515,0.973665,0.961262,0.987556,0.984580,0:38:38
