epoch,lr,loss,root_loss,vowel_loss,consonant_loss,kaggle,root,vowel,cons,time
2.499801,0.000999,5.069620,1.830128,0.871868,0.537497,0.935615,0.913519,0.962615,0.952806,0:09:53
2.999801,0.000999,4.946036,1.782449,0.858258,0.522879,0.935319,0.912190,0.965096,0.951800,0:19:23
