epoch,lr,loss,root_loss,vowel_loss,consonant_loss,kaggle,root,vowel,cons,time
0.999204,0.001000,6.284871,2.341134,0.982681,0.619923,0.849649,0.807315,0.910085,0.873883,0:21:37
1.999204,0.001000,3.983434,1.439834,0.678689,0.425076,0.888475,0.861913,0.927549,0.902523,0:42:53
2.999204,0.001000,3.540063,1.276244,0.608164,0.379412,0.919413,0.881752,0.955282,0.958867,1:03:54
