epoch,lr,loss,root_loss,vowel_loss,consonant_loss,kaggle,root,vowel,cons,time
71.999204,0.000100,1.802136,0.607088,0.361785,0.226176,0.985979,0.983477,0.990999,0.985963,0:21:20
72.999204,0.000100,1.722376,0.579698,0.345666,0.217314,0.985517,0.982577,0.991061,0.985853,0:42:12
73.999204,0.000100,1.821619,0.611061,0.367761,0.231736,0.985401,0.982798,0.990547,0.985461,1:02:58
74.999204,0.000100,1.834510,0.616622,0.369133,0.232133,0.984252,0.981262,0.990832,0.983652,1:23:44
75.999204,0.000100,1.745683,0.586202,0.352689,0.220589,0.985974,0.983429,0.991250,0.985788,1:44:29
76.999204,0.000100,1.757943,0.589367,0.356091,0.223118,0.986025,0.983872,0.991371,0.984984,2:05:16
77.999204,0.000100,1.746744,0.585782,0.353217,0.221963,0.985253,0.982186,0.991159,0.985480,2:26:04
78.999204,0.000100,1.694735,0.568654,0.342362,0.215066,0.984769,0.982131,0.990841,0.983973,2:46:48
