epoch,lr,loss,root_loss,vowel_loss,consonant_loss,kaggle,root,vowel,cons,time
89.999204,0.000050,1.814213,0.608720,0.366524,0.230249,0.986984,0.984520,0.991515,0.987381,0:20:57
90.999204,0.000050,1.786819,0.599498,0.361085,0.226737,0.986651,0.984630,0.990994,0.986349,0:41:59
91.999204,0.000050,1.759154,0.590888,0.355059,0.222320,0.987018,0.985375,0.991357,0.985963,1:03:01
92.999204,0.000050,1.656391,0.555412,0.335909,0.209657,0.985351,0.982833,0.990683,0.985057,1:24:05
93.999204,0.000050,1.729178,0.579698,0.349710,0.220072,0.987335,0.984515,0.991751,0.988559,1:45:06
94.999204,0.000050,1.689051,0.565483,0.343247,0.214839,0.987015,0.985279,0.991175,0.986328,2:06:08
95.999204,0.000050,1.713972,0.575200,0.345665,0.217907,0.984483,0.982031,0.990449,0.983422,2:27:13
96.999204,0.000050,1.691161,0.567419,0.342083,0.214240,0.986673,0.984901,0.991394,0.985495,2:48:16
97.999204,0.000050,1.723041,0.577204,0.348727,0.219907,0.986930,0.984689,0.991114,0.987229,3:09:14
