epoch,lr,loss,root_loss,vowel_loss,consonant_loss,kaggle,root,vowel,cons,time
41.999204,0.001000,2.018419,0.691920,0.389981,0.244598,0.982576,0.979579,0.987068,0.984080,0:21:43
42.999204,0.001000,2.032927,0.697279,0.393023,0.245347,0.976635,0.975297,0.986186,0.969758,0:42:54
43.999204,0.001000,2.073057,0.711369,0.401408,0.248911,0.980071,0.975290,0.986430,0.983274,1:03:59
44.999204,0.001000,2.155423,0.738717,0.417926,0.260064,0.981884,0.979360,0.988603,0.980213,1:25:02
45.999204,0.001000,2.034487,0.697173,0.393722,0.246419,0.981065,0.975777,0.986380,0.986326,1:46:07
