epoch,lr,loss,root_loss,vowel_loss,consonant_loss,kaggle,root,vowel,cons,time
66.999204,0.000010,1.785786,0.601550,0.358056,0.224631,0.984856,0.982568,0.989855,0.984433,0:20:58
67.999204,0.000010,1.646840,0.553073,0.331963,0.208731,0.987015,0.984847,0.991127,0.987241,0:41:59
