epoch,lr,loss,root_loss,vowel_loss,consonant_loss,kaggle,root,vowel,cons,time
69.999204,0.000010,1.720638,0.578565,0.346229,0.217279,0.987540,0.985655,0.991189,0.987662,0:20:58
70.999204,0.000010,1.770275,0.595474,0.355396,0.223932,0.987423,0.985451,0.991118,0.987671,0:42:02
71.999204,0.000010,1.719016,0.577780,0.346334,0.217123,0.987394,0.985458,0.991116,0.987544,1:03:04
72.999204,0.000010,1.727374,0.579805,0.348556,0.219209,0.986456,0.984478,0.990647,0.986220,1:24:06
