epoch,lr,loss,root_loss,vowel_loss,consonant_loss,kaggle,root,vowel,cons,time
82.999204,0.000100,1.768247,0.592910,0.358283,0.224143,0.986294,0.984759,0.990577,0.985082,0:20:58
83.999204,0.000100,1.735954,0.582477,0.351209,0.219790,0.986420,0.984784,0.990593,0.985518,0:42:00
84.999204,0.000100,1.786272,0.599671,0.360379,0.226552,0.986431,0.984796,0.991054,0.985080,1:03:02
85.999204,0.000100,1.721140,0.577611,0.346985,0.218933,0.987140,0.984786,0.991444,0.987544,1:24:01
86.999204,0.000100,1.775246,0.595759,0.358609,0.225120,0.987116,0.985458,0.991374,0.986172,1:45:02
87.999204,0.000100,1.767894,0.592764,0.358128,0.224239,0.986045,0.983962,0.991154,0.985102,2:06:05
