epoch,lr,loss,root_loss,vowel_loss,consonant_loss,kaggle,root,vowel,cons,time
77.249204,0.000100,3.242941,1.075804,0.675376,0.415957,0.978782,0.974174,0.986154,0.980626,0:06:58
77.499204,0.000100,3.091337,1.021661,0.642243,0.405771,0.979071,0.974901,0.986637,0.979845,0:13:56
