epoch,lr,loss,root_loss,vowel_loss,consonant_loss,kaggle,root,vowel,cons,time
36.499204,0.001000,2.427234,0.829746,0.420671,0.347071,0.965939,0.950300,0.984248,0.978907,0:10:52
36.999204,0.001000,2.480962,0.846867,0.436697,0.350530,0.967559,0.953536,0.982266,0.980898,0:21:04
37.499204,0.001000,2.339572,0.797354,0.409552,0.335313,0.967140,0.951987,0.983486,0.981099,0:31:19
