epoch,lr,loss,root_loss,vowel_loss,consonant_loss,kaggle,root,vowel,cons,time
114.498994,0.001000,1.937420,0.644771,0.353698,0.294180,0.980438,0.971037,0.990092,0.989586,0:20:58
114.998659,0.001000,1.971349,0.663513,0.349853,0.294471,0.981049,0.972470,0.989766,0.989489,0:41:32
115.498994,0.001000,1.798411,0.594853,0.330027,0.278679,0.982049,0.973728,0.990663,0.990079,1:02:06
115.998659,0.001000,1.904094,0.634620,0.343093,0.291760,0.980752,0.971539,0.990394,0.989536,1:22:38
116.498994,0.001000,1.857511,0.624857,0.332546,0.275251,0.980412,0.971686,0.989140,0.989136,1:43:08
116.998659,0.001000,1.856728,0.618513,0.337417,0.282284,0.982911,0.975212,0.990853,0.990368,2:03:35
117.498994,0.001000,1.920370,0.642457,0.346731,0.288724,0.978837,0.969423,0.989143,0.987357,2:24:10
117.998659,0.001000,2.115270,0.705714,0.383936,0.319906,0.982116,0.974544,0.989918,0.989458,2:44:38
118.498994,0.001000,1.893007,0.625082,0.347813,0.295030,0.981986,0.973812,0.991205,0.989114,3:05:11
