epoch,lr,loss,root_loss,vowel_loss,consonant_loss,kaggle,root,vowel,cons,time
113.498994,0.001000,1.990428,0.666070,0.357180,0.301108,0.980608,0.973019,0.987450,0.988942,0:12:14
113.998659,0.001000,2.057837,0.685676,0.374950,0.311535,0.983142,0.976641,0.989624,0.989661,0:24:13
114.498994,0.001000,1.958061,0.656198,0.354799,0.290865,0.982672,0.975466,0.990661,0.989094,0:37:00
