epoch,lr,loss,root_loss,vowel_loss,consonant_loss,kaggle,root,vowel,cons,time
99.498994,0.001000,1.921950,0.639575,0.350847,0.291952,0.981599,0.973402,0.990972,0.988620,0:21:29
99.998659,0.001000,1.950863,0.657027,0.349132,0.287677,0.980495,0.972207,0.989333,0.988234,0:42:25
100.498994,0.001000,1.932170,0.647288,0.346203,0.291391,0.981190,0.973110,0.987745,0.990795,1:03:19
