epoch,lr,loss,root_loss,vowel_loss,consonant_loss,kaggle,root,vowel,cons,time
56.999204,0.000100,1.903262,0.645359,0.377461,0.235083,0.983821,0.979490,0.988492,0.987811,0:21:14
57.999204,0.000100,1.827840,0.618158,0.364016,0.227509,0.984406,0.979951,0.988867,0.988856,0:42:04
58.999204,0.000100,1.822469,0.615467,0.364167,0.227367,0.984253,0.979820,0.989233,0.988140,1:02:46
59.999204,0.000100,1.793006,0.604726,0.358830,0.224725,0.984142,0.980173,0.988731,0.987492,1:23:30
