epoch,lr,loss,root_loss,vowel_loss,consonant_loss,kaggle,root,vowel,cons,time
61.999204,0.010000,3.525422,1.259878,0.618073,0.387592,0.930668,0.923748,0.950594,0.924582,0:20:41
62.999204,0.010000,3.074984,1.097499,0.540772,0.339213,0.943944,0.930606,0.960425,0.954141,0:41:24
