epoch,lr,loss,root_loss,vowel_loss,consonant_loss,kaggle,root,vowel,cons,time
30.999329,0.001000,1.194360,0.400038,0.209198,0.185088,0.981138,0.974914,0.986632,0.988091,0:23:24
31.999329,0.001000,1.214368,0.408724,0.210798,0.186122,0.977876,0.970843,0.982916,0.986903,0:46:19
32.999329,0.001000,1.227926,0.411926,0.214867,0.189207,0.978686,0.972725,0.983812,0.985480,1:09:11
