epoch,lr,loss,root_loss,vowel_loss,consonant_loss,kaggle,root,vowel,cons,time
74.999329,0.000774,0.964090,0.304509,0.182184,0.172888,0.982654,0.976803,0.988588,0.988422,0:23:05
75.999329,0.000774,0.926232,0.297311,0.176429,0.155181,0.984727,0.979686,0.990282,0.989254,0:45:47
76.999329,0.000774,0.913342,0.291279,0.173875,0.156910,0.985169,0.981706,0.988686,0.988576,1:08:25
