epoch,lr,loss,root_loss,vowel_loss,consonant_loss,kaggle,root,vowel,cons,time
71.999329,0.000774,0.937734,0.299987,0.178727,0.159033,0.983309,0.978389,0.986639,0.989818,0:23:23
72.999329,0.000774,0.922792,0.294930,0.173615,0.159318,0.982622,0.978012,0.986097,0.988368,0:46:15
73.999329,0.000774,0.974466,0.313306,0.182448,0.165405,0.983521,0.978415,0.988789,0.988468,1:09:03
