epoch,lr,loss,root_loss,vowel_loss,consonant_loss,kaggle,root,vowel,cons,time
451.248826,0.000100,4.079529,1.381824,0.767924,0.547956,0.988328,0.983438,0.993820,0.992616,0:24:35
451.498323,0.000100,2.538471,0.906112,0.451536,0.274710,0.989076,0.984731,0.994247,0.992593,0:49:50
451.747820,0.000100,3.701554,1.410833,0.551393,0.328495,0.989222,0.985153,0.994302,0.992282,1:13:35
451.997317,0.000100,3.228284,1.282786,0.387910,0.274803,0.987873,0.982300,0.994067,0.992823,1:37:46
452.248826,0.000100,2.790401,1.128575,0.412590,0.120660,0.988923,0.983843,0.994869,0.993135,2:01:04
452.498323,0.000100,1.269752,0.425832,0.236696,0.181393,0.988986,0.984569,0.994233,0.992572,2:24:25
452.747820,0.000100,1.755440,0.610316,0.303957,0.230852,0.990054,0.986823,0.994172,0.992399,2:47:43
