epoch,lr,loss,root_loss,vowel_loss,consonant_loss,kaggle,root,vowel,cons,time
112.999329,0.001000,3.653085,1.292903,0.654734,0.412546,0.979942,0.971493,0.988475,0.988305,0:25:59
113.999329,0.001000,3.600303,1.273636,0.645824,0.407207,0.980296,0.971378,0.990469,0.987958,0:51:51
114.999329,0.001000,3.559311,1.258464,0.640317,0.402066,0.981328,0.973525,0.989307,0.988956,1:17:21
115.999329,0.001000,3.633982,1.284875,0.652612,0.411621,0.981687,0.974254,0.989285,0.988952,1:43:33
116.999329,0.001000,3.565239,1.260083,0.641999,0.403074,0.982113,0.974436,0.991211,0.988369,2:09:22
117.999329,0.001000,3.610562,1.277219,0.648469,0.407655,0.981464,0.973039,0.990864,0.988912,2:35:31
118.999329,0.001000,3.556480,1.257056,0.640134,0.402234,0.982400,0.974378,0.990762,0.990082,3:01:30
119.999329,0.001000,3.551005,1.254888,0.637767,0.403463,0.982606,0.975801,0.990293,0.988528,3:27:03
120.999329,0.001000,3.585579,1.266908,0.645524,0.406240,0.982161,0.974270,0.989635,0.990468,3:52:42
