epoch,lr,loss,root_loss,vowel_loss,consonant_loss,kaggle,root,vowel,cons,time
324.248826,0.001000,1.771365,0.604170,0.343756,0.219269,0.984844,0.979199,0.991440,0.989539,0:06:02
324.498323,0.001000,1.666376,0.572848,0.313711,0.206969,0.984898,0.979290,0.991193,0.989817,0:12:05
324.747820,0.001000,1.766087,0.605544,0.337831,0.217167,0.984188,0.977628,0.993623,0.987872,0:18:08
