epoch,lr,loss,root_loss,vowel_loss,consonant_loss,kaggle,root,vowel,cons,time
238.332663,0.000005,1.820278,0.591649,0.383816,0.253165,0.989008,0.986363,0.992255,0.991052,0:08:32
238.665996,0.000005,1.806473,0.586179,0.380213,0.253901,0.988698,0.985914,0.991890,0.991074,0:16:34
238.999329,0.000005,1.796758,0.583393,0.377794,0.252177,0.988731,0.985852,0.992159,0.991061,0:24:33
