epoch,lr,loss,root_loss,vowel_loss,consonant_loss,kaggle,root,vowel,cons,time
310.248826,0.000001,2.637827,0.855666,0.559345,0.367148,0.986261,0.981809,0.991286,0.990138,0:06:04
310.498323,0.000001,2.645932,0.860344,0.558422,0.366821,0.986157,0.981631,0.991365,0.990001,0:12:07
