epoch,lr,loss,root_loss,vowel_loss,consonant_loss,kaggle,root,vowel,cons,time
307.248826,0.000001,2.776642,0.899697,0.590090,0.387157,0.986055,0.981341,0.991324,0.990212,0:06:04
307.498323,0.000001,2.683669,0.869589,0.568315,0.376176,0.986954,0.983269,0.991187,0.990091,0:12:08
307.747820,0.000001,2.677349,0.867778,0.567555,0.374237,0.985285,0.979873,0.991248,0.990148,0:18:11
307.997317,0.000001,2.670242,0.866556,0.566888,0.370241,0.985657,0.980733,0.990834,0.990329,0:24:15
308.248826,0.000001,2.657176,0.861461,0.562525,0.371729,0.986370,0.981889,0.991330,0.990374,0:30:24
308.498323,0.000001,2.655525,0.862899,0.560327,0.369400,0.985485,0.980424,0.991228,0.989864,0:36:27
308.747820,0.000001,2.633699,0.856821,0.555839,0.364219,0.985105,0.979655,0.991137,0.989974,0:42:30
308.997317,0.000001,2.647932,0.860418,0.558975,0.368121,0.985028,0.979386,0.991249,0.990091,0:48:34
