epoch,lr,loss,root_loss,vowel_loss,consonant_loss,kaggle,root,vowel,cons,time
301.248826,0.000001,1.184838,0.420438,0.206440,0.137522,0.987420,0.981737,0.994068,0.992138,0:06:01
301.498323,0.000001,1.216105,0.434765,0.206662,0.139914,0.987674,0.982052,0.994145,0.992446,0:12:04
301.747820,0.000001,1.123932,0.402543,0.192917,0.125931,0.987794,0.982266,0.994211,0.992433,0:18:08
301.997317,0.000001,1.234199,0.438570,0.216662,0.140396,0.987438,0.981711,0.993869,0.992463,0:24:12
