epoch,lr,loss,root_loss,vowel_loss,consonant_loss,kaggle,root,vowel,cons,time
325.248826,0.000100,1.669153,0.571080,0.319340,0.207652,0.987016,0.981977,0.993188,0.990923,0:06:02
325.498323,0.000100,1.771052,0.605048,0.339538,0.221417,0.986012,0.979825,0.993875,0.990523,0:12:05
325.747820,0.000100,1.599286,0.543361,0.308756,0.203808,0.987887,0.983163,0.993724,0.991500,0:18:07
