epoch,lr,loss,root_loss,vowel_loss,consonant_loss,kaggle,root,vowel,cons,time
107.999266,0.001000,1.629914,0.565024,0.301769,0.198096,0.982362,0.974474,0.989380,0.991122,0:22:49
108.999266,0.001000,1.631688,0.567496,0.300491,0.196204,0.981252,0.972754,0.988640,0.990858,0:45:37
109.999266,0.001000,1.638025,0.566671,0.304506,0.200177,0.982539,0.975415,0.990137,0.989186,1:08:32
110.999266,0.001000,1.666029,0.578139,0.308070,0.201681,0.983805,0.977076,0.990743,0.990324,1:31:23
111.999266,0.001000,1.696289,0.588689,0.313351,0.205561,0.980983,0.974384,0.986904,0.988257,1:54:18
