epoch,lr,loss,root_loss,vowel_loss,consonant_loss,kaggle,root,vowel,cons,time
355.248826,0.000100,1.557343,0.527614,0.306948,0.195168,0.989678,0.986098,0.993773,0.992745,0:06:02
355.498323,0.000100,1.569112,0.532675,0.304880,0.198882,0.989209,0.985377,0.993656,0.992425,0:12:07
355.747820,0.000100,1.544935,0.521743,0.303200,0.198249,0.989115,0.984431,0.995141,0.992456,0:18:09
355.997317,0.000100,1.627808,0.551228,0.317316,0.208037,0.988742,0.984003,0.994352,0.992611,0:24:12
356.248826,0.000100,1.673784,0.566969,0.327421,0.212425,0.988530,0.983439,0.994552,0.992692,0:30:20
