epoch,lr,loss,root_loss,vowel_loss,consonant_loss,kaggle,root,vowel,cons,time
450.248826,0.000100,1.865387,0.624495,0.374092,0.242305,0.988334,0.983677,0.993526,0.992458,0:06:04
450.498323,0.000100,1.710204,0.572116,0.342335,0.223638,0.989080,0.984906,0.993999,0.992512,0:12:07
450.747820,0.000100,1.836118,0.614371,0.368004,0.239373,0.988993,0.984617,0.994299,0.992440,0:18:09
450.997317,0.000100,1.631578,0.546728,0.323628,0.214495,0.988338,0.983988,0.992442,0.992935,0:24:12
