epoch,lr,loss,root_loss,vowel_loss,consonant_loss,kaggle,root,vowel,cons,time
34.498994,0.001000,0.427291,0.146708,0.067968,0.065907,0.975054,0.966012,0.983228,0.984965,0:11:29
34.998659,0.001000,0.410696,0.142954,0.063757,0.061032,0.977901,0.969235,0.985807,0.987326,0:22:59
35.498994,0.001000,0.403168,0.137959,0.062973,0.064277,0.978628,0.969917,0.986749,0.987928,0:34:32
35.998659,0.001000,0.395367,0.133861,0.062049,0.065594,0.977501,0.968291,0.988384,0.985036,0:46:02
36.498994,0.001000,0.379648,0.130043,0.061701,0.057861,0.976288,0.964771,0.987221,0.988388,0:57:35
36.998659,0.001000,0.390480,0.134720,0.060687,0.060352,0.977836,0.968360,0.987132,0.987492,1:09:05
