epoch,lr,loss,root_loss,vowel_loss,consonant_loss,kaggle,root,vowel,cons,time
174.498994,0.000950,0.215652,0.067707,0.039810,0.040428,0.982777,0.976481,0.989695,0.988450,0:11:42
174.998659,0.000950,0.181039,0.060377,0.031631,0.028653,0.981977,0.974595,0.990433,0.988286,0:23:23
175.498994,0.000950,0.168103,0.056055,0.031055,0.024939,0.982814,0.975561,0.990967,0.989168,0:35:09
175.998659,0.000950,0.190947,0.062636,0.031570,0.034105,0.981201,0.972890,0.989538,0.989483,0:46:49
176.498994,0.000950,0.177688,0.059364,0.029715,0.029246,0.981935,0.973643,0.990541,0.989914,0:58:33
176.998659,0.000950,0.181477,0.059975,0.030717,0.030809,0.982325,0.975291,0.989709,0.989011,1:10:14
177.498994,0.000950,0.173563,0.059266,0.030524,0.024506,0.978292,0.969615,0.986876,0.987062,1:22:00
