epoch,lr,loss,root_loss,vowel_loss,consonant_loss,kaggle,root,vowel,cons,time
145.498994,0.001000,0.216998,0.069337,0.039483,0.038842,0.984013,0.976649,0.991864,0.990890,0:11:41
145.998659,0.001000,0.212754,0.070862,0.034120,0.036910,0.983256,0.975855,0.991614,0.989699,0:23:21
146.498994,0.001000,0.193865,0.064593,0.034034,0.030645,0.979806,0.971313,0.989621,0.986975,0:35:06
146.998659,0.001000,0.191556,0.063510,0.033706,0.030830,0.983059,0.976620,0.988787,0.990208,0:46:46
147.498994,0.001000,0.233354,0.076312,0.037577,0.043153,0.982549,0.975979,0.988153,0.990085,0:58:30
147.998659,0.001000,0.189566,0.063783,0.032768,0.029232,0.981460,0.972103,0.991146,0.990487,1:10:11
148.498994,0.001000,0.197682,0.066520,0.034204,0.030437,0.983211,0.975699,0.990500,0.990947,1:21:56
148.998659,0.001000,0.205786,0.068196,0.034004,0.035390,0.979310,0.969260,0.989518,0.989200,1:33:36
